{"cameraMode":{"drawMode":0,"name":"Shaded","section":"Shading Mode"},"sceneLighting":true,"audioPlay":false,"sceneViewState":{"m_AlwaysRefresh":false,"showFog":true,"showSkybox":true,"showFlares":true,"showImageEffects":true,"showParticleSystems":true,"showVisualEffectGraphs":true,"m_FxEnabled":true},"in2DMode":false,"pivot":{"x":-2.179447650909424,"y":13.574950218200684,"z":15.815471649169922},"rotation":{"x":0.07192777097225189,"y":-0.017352394759655,"z":0.001251034322194755,"w":0.9972643256187439},"size":15.652152061462403,"orthographic":true}