{"cameraMode":{"drawMode":0,"name":"Shaded","section":"Shading Mode"},"sceneLighting":true,"audioPlay":false,"sceneViewState":{"m_AlwaysRefresh":false,"showFog":true,"showSkybox":true,"showFlares":true,"showImageEffects":true,"showParticleSystems":true,"showVisualEffectGraphs":true,"m_FxEnabled":true},"in2DMode":false,"pivot":{"x":-22.819507598876954,"y":-3.3354880809783937,"z":17.773895263671876},"rotation":{"x":0.014941210858523846,"y":-0.7290834188461304,"z":0.01600966602563858,"w":0.6841456890106201},"size":8.109098434448243,"orthographic":true}